Pencilblue,1
Node_redis,6
Node_redis,4
Node_redis,3
Mongoose,26
Mongoose,25
Mongoose,23
Mongoose,22
Mongoose,20
Mongoose,19
Mongoose,17
Mongoose,16
Mongoose,15
Mongoose,11
Mongoose,9
Mongoose,8
Karma,22
Karma,9
Karma,5
Karma,4
Karma,3
Karma,1
Hexo,1
Hessian.js,9
Hessian.js,4
Express,26
Express,22
Express,18
Express,17
Express,15
Express,9
Express,8
Express,5
Express,3
Express,2
Bower,3
Eslint,332
Eslint,331
Eslint,329
Eslint,327
Eslint,325
Eslint,323
Eslint,322
Eslint,321
Eslint,315
Eslint,314
Eslint,306
Eslint,299
Eslint,291
Eslint,289
Eslint,287
Eslint,279
Eslint,275
Eslint,271
Eslint,270
Eslint,267
Eslint,266
Eslint,264
Eslint,259
Eslint,258
Eslint,255
Eslint,251
Eslint,244
Eslint,243
Eslint,236
Eslint,234
Eslint,232
Eslint,231
Eslint,226
Eslint,225
Eslint,222
Eslint,221
Eslint,218
Eslint,217
Eslint,216
Eslint,215
Eslint,213
Eslint,211
Eslint,207
Eslint,202
Eslint,201
Eslint,193
Eslint,192
Eslint,189
Eslint,186
Eslint,184
Eslint,183
Eslint,171
Eslint,166
Eslint,161
Eslint,160
Eslint,158
Eslint,150
Eslint,149
Eslint,148
Eslint,147
Eslint,146
Eslint,142
Eslint,140
Eslint,116
Eslint,111
Eslint,100
Eslint,94
Eslint,90
Eslint,86
Eslint,83
Eslint,80
Eslint,77
Eslint,72
Eslint,71
Eslint,66
Eslint,65
Eslint,58
Eslint,50
Eslint,47
Eslint,44
Eslint,43
Eslint,41
Eslint,33
Eslint,30
Eslint,26
Eslint,23
Eslint,21
Eslint,15
Eslint,14
Eslint,12
Eslint,11
Eslint,8
Eslint,3
Eslint,1
